BID Name:,Block faces,Full-time staff,Part-time staff,Ground floor storefront businesses,BID provides supplemental sanitation services,Type of sanitation services,Types of duties assigned to sanitation workers,Sanitation workers employed,Hours logged by sanitation workers,Incidents of graffiti removed,Trash bags collected,Trash and recycling receptacles serviced,BID provides supplemental public safety services,Type of public safety services,Duties assigned to public safety personnel,Public safety officers employed,Hours logged by public safety officers,Interactions with public safety officers,BID provides supplemental streetscape and beautification services,Public spaces maintained,Planters maintained,Tree pits maintained,Banners maintained,Pieces of street furniture maintained,Public art installations sponsored,BID has holiday lighting program,Communication channels used,Marketing materials distributed,Public events coordinated,Estimated attendees to public events coordinated,Allocates staff salaries,Assessment revenue,Contract revenue,Contributions, Fundraising and special event revenue,Government grants,Program service revenue,Interest income,Miscellaneous income,Total support and revenue,Sanitation expenses,Public safety expenses,Marketing and special event expenses,Holiday lighting expenses,Beautification and horticulture expenses,Streetscape and repairs expenses,Other program expenses,Salaries,Outside contractor expenses,Insurance costs,Rent and utilities,Supplies and equipment costs,Other expenses,Capital improvement expenses,Debt service expenses,Total expenses
125th Street,22,3,2,220,Yes,Contracted,Street Sweeping and Bagging; Snow and Ice Removal; Graffiti Removal,6,12735,12160,86000,80,Yes,Contracted,Street patrol,4,9888,,Yes,0,0,21,64,148,0,Yes,Door-to-door visits; Fliers; Email bulletins; Website; Social media,3500,2,3200,No,1005793,0,3200,,47000,62500,161,0,1118654,218000,213718,58157,58160,,,0,245027,63575,23802,107436,17427,29906,0,0,1035208
161st Street,15,2,1,149,Yes,Contracted,Street Sweeping and Bagging; Snow and Ice Removal; Graffiti Removal,2,4924,800,38000,48,No,,,,,,Yes,4,0,10,20,15,13,Yes,Paid Advertising; Door-to-door visits; Fliers; Email bulletins; Website; Social media,16344,6,30000,Yes,240000,,29400,4000,42000,0,,0,315400,103000,,46200,13800,35400,,30000,78000,0,4500,4500,0,,0,0,315400
165th Street Mall,8,1,0,92,Yes,Contracted,Street Sweeping and Bagging; Power Washing; Snow and Ice Removal; Graffiti Removal; Gum Removal,3,3240,2,1100,29,No,,,,,,Yes,0,21,21,0,20,4,Yes,Paid Advertising; Direct mailings; Door-to-door visits; Fliers; Website; Social media,30500,35,15000,Yes,200000,1800,0,0,0,0,,0,201800,49928,,26305,12775,,8245,12800,64575,0,36152,8040,2000,,0,0,220820
180th Street,26,1,0,40,No,,,,,,,,Yes,Contracted,Street patrol; Traffic mitigation,4,400,28,No,,,,,,,No,Direct mailings; Door-to-door visits; Fliers; Email bulletins; Website,200,3,25,No,60000,0,0,0,0,0,,0,60000,,12377,560,,,14000,5000,16000,,2790,1800,1905,300,0,0,54732
34th Street Partnership,108,161,15,536,Yes,In-house,Street Sweeping and Bagging; Power Washing; Snow and Ice Removal; Graffiti Removal; Gum Removal,68,135120,3016,246375,349,Yes,In-house,Street patrol,24,49875,2301,Yes,3,530,154,162,2674,0,No,Direct mailings; Email bulletins; Website; Social media,14500,425,25000,No,10885000,886086,231476,0,0,450407,7482,2152,12462603,3345995,2389953,711126,,671099,1162820,1452009,800437,84436,40918,62174,19621,66744,1395234,542966,12745532
47th Street,2,2,0,1000,Yes,Contracted,Street Sweeping and Bagging; Snow and Ice Removal; Graffiti Removal; Gum Removal,1,2808,1660,6000,10,Yes,Contracted,Street patrol,3,8000,250,No,,,,,,,Yes,Fliers; Website,620000,15,1000,Yes,900000,0,0,0,0,121749,1121,0,1022870,78639,267482,69899,9450,,5880,0,407800,42000,47419,15071,13965,83918,0,0,1041522
82nd Street Partnership,6,1,1,97,Yes,Contracted,Street Sweeping and Bagging; Snow and Ice Removal; Graffiti Removal; Gum Removal,3,4979,384,13480,24,No,,,,,,Yes,1,12,26,19,28,,Yes,Paid Advertising; Door-to-door visits; Fliers; Email bulletins; Website; Social media,10500,10,3000,No,224450,0,0,4800,107019,0,115,0,336384,85682,,14229,6800,502,15950,11049,151732,13441,2327,19783,2246,0,0,0,323741
86th Street Bay Ridge,16,0,3,187,Yes,Contracted,Street Sweeping and Bagging; Power Washing; Snow and Ice Removal; Graffiti Removal; Gum Removal,3,6274,8,13870,38,No,,,,,,Yes,0,14,0,13,37,1,Yes,Paid Advertising; Direct mailings; Door-to-door visits; Fliers; Email bulletins; Website; Social media,300,2,150,Yes,290000,0,0,2800,0,0,316,0,293116,130095,,14364,24500,,1745,0,59701,3539,1922,13362,772,15837,0,0,265837
Atlantic Avenue,58,1,1,317,Yes,Contracted,Street Sweeping and Bagging; Snow and Ice Removal; Graffiti Removal,2,1586,450,28000,22,No,,,,,,Yes,0,1,327,74,0,2,Yes,Paid Advertising; Door-to-door visits; Email bulletins; Website; Social media,30000,5,1500,Yes,240000,0,12500,0,17000,3000,550,12097.58,285148,42797,,37357,17513,39670,17964,0,94586,5869,5525,19915,2113,1687,37011,0,322006
Bay Ridge 5th Avenue,40,0,2,359,Yes,Contracted,Street Sweeping and Bagging; Snow and Ice Removal; Gum Removal,4,8960,,28080,84,Yes,Contracted,Street patrol,1,2090,500,Yes,0,76,0,36,106,,Yes,Paid Advertising; Door-to-door visits; Fliers; Email bulletins; Website; Social media,2500,3,70000,Yes,427000,0,0,0,0,0,,0,427000,136843,36227,82918,22000,,,3732,63617,6550,3170,17511,3137,1067,0,0,376773
Bayside Village,15,,1,117,Yes,Contracted,Street Sweeping and Bagging; Graffiti Removal,1,2496,40,16507,37,No,,,,,,Yes,1,0,0,27,0,0,Yes,Paid Advertising; Direct mailings; Door-to-door visits; Fliers; Email bulletins; Website; Social media,10150,20,5000,No,155000,0,0,0,25000,5700,,0,185700,44990,,47527,17625,150,,0,66047,4000,12644,7200,4620,4545,0,,209349
Bed-Stuy Gateway,32,2,1,368,Yes,Contracted,Street Sweeping and Bagging; Power Washing; Snow and Ice Removal; Graffiti Removal; Gum Removal,9,12355,689,36870,85,Yes,Other,Monitoring security cameras; Crime prevention workshops; Street patrol,1,1191,472,Yes,1,2,135,24,149,0,Yes,Paid Advertising; Direct mailings; Door-to-door visits; Fliers; Email bulletins; Website; Social media,4250,5,700,No,674975,0,,,16490,,,0,691465,254454,7860,72490,32250,,,13559,220664,42728,11949,22914,6270,0,,0,685138
Belmont,74,2,0,203,Yes,Contracted,Street Sweeping and Bagging; Snow and Ice Removal,2,3200,35,16000,70,Yes,Contracted,Monitoring security cameras; Street patrol,1,2200,,Yes,1,,,92,,,Yes,Paid Advertising; Fliers; Email bulletins; Website; Social media,1500,7,30000,No,440000,0,0,98800,30000,26000,514,0,595314,46869,57250,116086,32800,,,0,142044,19325,4071,25946,19641,,0,0,464032
Brighton Beach,17,1,0,210,Yes,Contracted,Street Sweeping and Bagging; Snow and Ice Removal,2,1820,12,9100,30,No,,,,,,No,,,,,,,Yes,Paid Advertising; Direct mailings; Door-to-door visits; Fliers; Website; Social media,6000,6,5000,No,220000,,0,0,12000,0,,41350,273350,76450,,31000,27000,,,0,56420,7150,2080,0,1350,0,0,0,201450
Bryant Park Corporation,4,105,14,72,Yes,In-house,Street Sweeping and Bagging; Power Washing; Snow and Ice Removal; Graffiti Removal; Gum Removal,34,74120,115,96000,171,Yes,In-house,,12,24450,3521,Yes,1,216,4,19,148,0,No,Direct mailings; Email bulletins; Website; Social media,120000,2673,190000,No,1600000,5064688,0,4873393,0,438779,6606,0,11983466,2000478,1112976,1895381,,778504,720033,4954149,877629,117258,71015,58764,22530,39266,535468,298094,13481545
Chinatown,240,2,2,1766,Yes,Contracted,Street Sweeping and Bagging; Power Washing; Snow and Ice Removal; Graffiti Removal; Gum Removal,21,36884,2308,212800,238,No,,,,,,Yes,2,42,226,58,1154,2,Yes,Paid Advertising; Direct mailings; Door-to-door visits; Fliers; Email bulletins; Website; Social media,24005,26,235740,Yes,1300000,0,100,0,71710,0,358,0,1372168,750000,,6575,101910,,,0,238877,10500,22504,38695,,170586,0,0,1339647
Church Avenue,17,2,0,175,Yes,Contracted,Street Sweeping and Bagging; Snow and Ice Removal; Gum Removal,2,4368,25,35400,37,No,,,,,,No,,,,,,,Yes,Paid Advertising; Direct mailings; Door-to-door visits; Fliers; Email bulletins; Website; Social media,1205,7,8500,No,188500,,0,14175,12992,0,55,2555,218277,49644,,24373,13900,,,976,90176,11330,6486,6184,1213,11714,0,0,215996
Columbus Avenue,30,2,1,191,Yes,Contracted,Street Sweeping and Bagging; Power Washing; Snow and Ice Removal; Graffiti Removal,2,2080,15,34800,47,No,,,,,,Yes,1,0,138,30,11,1,Yes,Door-to-door visits; Email bulletins; Website; Social media,100030,3,3500,No,338800,0,136675,167778,0,11500,3810,0,658563,59390,5557,21939,18000,34121,,285073,194603,27874,12569,10040,24525,11900,23627,0,729218
Columbus-Amsterdam,44,1,8,215,Yes,In-house,Street Sweeping and Bagging; Snow and Ice Removal; Graffiti Removal,7,3765,900,17000,33,No,,,,,,Yes,1,0,200,0,223,0,Yes,Paid Advertising; Direct mailings; Door-to-door visits; Fliers; Email bulletins; Website; Social media,114770,28,10000,Yes,320000,0,3746,0,9100,0,93,11746,344685,106178,17089,71264,12000,,,63737,17378,0,361,3662,454,966,0,0,293089
Court-Livingston-Schermerhorn,68,3,0,167,Yes,Contracted,Street Sweeping and Bagging; Power Washing; Snow and Ice Removal; Graffiti Removal; Gum Removal,14,19822,2080,52233,65,Yes,Contracted,Street patrol,1,2080,,Yes,1,12,200,99,125,3,Yes,Paid Advertising; Door-to-door visits; Fliers; Email bulletins; Website; Social media,35000,3,1500,Yes,700000,0,0,4046,0,0,3118.88,0,707164.88,318810,93013,32627,45000,164342,12529,0,40658,144161,16225,8741,9936,667,0,0,886709
Downtown Alliance,458,50,6,1360,Yes,Contracted,Street Sweeping and Bagging; Power Washing; Snow and Ice Removal; Graffiti Removal; Gum Removal,58,125024,1553,132509,407,Yes,Contracted,Crime prevention workshops; Street patrol,56,108954,899854,Yes,9,195,2,0,1589,0,Yes,Paid Advertising; Direct mailings; Fliers; Email bulletins; Website; Social media,1014948,12,25000,Yes,15898622,1272387,179128,0,0,1035026,30771,0,18415934,5092033,4146986,3060981,81706,,,4970575,1745892,,,,,,938552,0,20036725
Downtown Flushing Transit Hub,15,1,1,1800,Yes,Contracted,Street Sweeping and Bagging; Power Washing; Snow and Ice Removal; Graffiti Removal; Gum Removal,8,15500,280,92000,60,No,,,,,,Yes,,30,0,50,0,0,Yes,Paid Advertising; Direct mailings; Door-to-door visits; Fliers; Email bulletins; Website; Social media,700,6,35000,No,380000,0,0,102501,95000,0,550,0,578051,278312,,44583,21015,6175,12993,29010,93000,5390,3824,18000,2000,40000,0,0,554302
DUMBO Improvement District,120,3,1,125,Yes,Contracted,Street Sweeping and Bagging; Power Washing; Snow and Ice Removal; Graffiti Removal; Gum Removal,6,10192,38,36700,55,No,,,,,,Yes,3,37,1,33,175,5,No,Paid Advertising; Direct mailings; Fliers; Email bulletins; Website; Social media,6600,70,37000,Yes,650000,0,147360,0,5000,140132,,0,942492,184459,,439359,,31784,,197980,64199,3702,988,5758,1869,5123,0,0,935221
East Brooklyn,160,,4,64,Yes,Contracted,Street Sweeping and Bagging,3,2246,0,1385,0,No,,,,,,No,,,,,,,No,Door-to-door visits; Fliers; Email bulletins; Website; Social media,160,2,650,No,204377,0,0,0,0,0,,1100,205477,53076,,9314,,,,17577,58344,3500,960,3500,1046,0,0,0,147317
East Midtown Partnership,132,3,3,795,Yes,Contracted,Street Sweeping and Bagging; Power Washing; Snow and Ice Removal; Graffiti Removal; Gum Removal,44,62768,262,140465,281,Yes,Contracted,Street patrol,7,14855,18891,Yes,1,7,102,0,600,0,Yes,Paid Advertising; Direct mailings; Door-to-door visits; Fliers; Email bulletins; Website; Social media,9550,9,6770,No,2200000,0,0,0,0,0,500,0,2200500,621147,342119,207644,56350,96424,58833,49710,462792,18835,25163,107464,34478,10624,0,0,2091583
Fifth Avenue,38,34,4,156,Yes,Both,Street Sweeping and Bagging; Snow and Ice Removal; Graffiti Removal,8,13152,278,64625,65,Yes,In-house,Street patrol,22,34368,236771,Yes,,,,,,,Yes,Direct mailings; Door-to-door visits; Fliers; Email bulletins; Website,1000,0,0,Yes,2905000,0,0,0,0,0,982,0,2905982,565937,1231185,0,35486,,,0,561803,88593,89189,217412,61268,105002,0,0,2955875
Flatbush Avenue,19,2,0,311,Yes,Contracted,Street Sweeping and Bagging; Power Washing; Snow and Ice Removal; Graffiti Removal; Gum Removal,3,6610,360,78000,72,Yes,Contracted,Street patrol,2,3292,52,Yes,0,0,0,42,0,0,Yes,Paid Advertising; Direct mailings; Door-to-door visits; Fliers; Email bulletins; Website; Social media,3155,7,14500,No,314520,0,0,15150,5000,0,406,0,335076,115511,58736,12845,12825,,,976,95391,20000,8402,6184,1210,11421,0,0,343501
Flatbush-Nostrand Junction,22,1,1,250,Yes,Contracted,Street Sweeping and Bagging; Snow and Ice Removal; Graffiti Removal,4,5408,336,14500,49,No,,,,,,Yes,,,99,19,8,,Yes,Door-to-door visits; Fliers; Email bulletins; Website; Social media,20000,12,1500,No,200000,100000,9000,3000,0,0,,0,312000,118338,,0,15000,10000,,7000,75000,53000,10000,5000,5000,46000,0,0,344338
Flatiron/23rd Street Partnership,103,5,2,570,Yes,Contracted,Street Sweeping and Bagging; Power Washing; Snow and Ice Removal; Graffiti Removal,30,45990,22110,190609,192,Yes,Contracted,Street patrol,7,14697,14164,Yes,4,148,178,102,327,1,No,Paid Advertising; Direct mailings; Door-to-door visits; Fliers; Email bulletins; Website; Social media,92810,98,7039,Yes,2200000,0,717259,0,0,0,5895,0,2923154,910940,363445,459876,,658185,,85782,2691,40299,40896,113275,8789,132958,0,0,2817136
Fordham Road,35,2,0,275,Yes,Contracted,Street Sweeping and Bagging; Snow and Ice Removal; Graffiti Removal; Gum Removal,8,18790,189,84500,86,Yes,Contracted,Street patrol,6,956,0,Yes,9,36,8,25,17,1,Yes,Paid Advertising; Direct mailings; Door-to-door visits; Fliers; Email bulletins; Website; Social media,46000,45,150000,Yes,685078,0,53486,0,24550,0,195,0,763309,279096,,148367,16600,,12426,0,306392,24255,10697,33058,3733,11507,0,0,846131
Forest Avenue,32,0,0,134,Yes,Contracted,Street Sweeping and Bagging; Snow and Ice Removal; Graffiti Removal,2,3640,1650,26000,60,No,,,,,,Yes,0,0,50,27,0,0,Yes,Paid Advertising; Direct mailings; Door-to-door visits; Fliers; Email bulletins; Website; Social media,6500,2,850,Yes,165000,0,0,730,5000,0,170,0,170900,63341,,9027,27450,,,2000,,61600,1832,,,3329,0,0,168579
Fulton Area Business (FAB) Alliance,37,2,1,208,Yes,Contracted,Street Sweeping and Bagging; Power Washing; Snow and Ice Removal; Graffiti Removal; Gum Removal,4,9188,720,60000,100,Yes,In-house,,0,293,250,Yes,4,39,175,50,35,1,Yes,Paid Advertising; Direct mailings; Door-to-door visits; Fliers; Email bulletins; Website; Social media,34575,33,7500,Yes,299904,0,2170,16280,96436,0,0,0,414790,159097,13495,121746,25000,8851,48081,0,16903,1098,995,8862,453,1679,0,0,406260
Fulton Mall Improvement Association,53,7,0,175,Yes,Contracted,Street Sweeping and Bagging; Power Washing; Snow and Ice Removal; Graffiti Removal; Gum Removal,32,32448,46,54404,113,Yes,Contracted,Street patrol,10,20800,,Yes,1,16,108,61,100,,Yes,Paid Advertising; Door-to-door visits; Fliers; Email bulletins; Website; Social media,35000,12,2000,Yes,1829500,7366.43,0,32606,0,0,353.45,33654.72,1903480.6,435531,522388,112126,55000,58423,108358,209001,201954,34338,11259,16489,19409,26274,0,0,1810550
Garment District,95,15,0,702,Yes,Both,Street Sweeping and Bagging; Power Washing; Snow and Ice Removal; Graffiti Removal; Gum Removal,30,68446,2394,80914,123,Yes,Both,Monitoring security cameras; Street patrol,23,48440,167392,Yes,5,274,124,97,2000,2,No,Paid Advertising; Direct mailings; Door-to-door visits; Fliers; Email bulletins; Website; Social media,38800,7,500000,No,7800000,0,0,0,0,211220,,0,8011220,2301431,1471970,275901,,392050,529820,49258,1113890,121931,38783,280225,60660,259508,0,0,6895427
Graham Avenue,26,1,0,180,Yes,Contracted,Street Sweeping and Bagging; Power Washing; Snow and Ice Removal; Graffiti Removal; Gum Removal,3,4860,96,2200,34,No,,,,,,No,,,,,,,Yes,Paid Advertising; Door-to-door visits; Fliers; Email bulletins; Website; Social media,506,40,35000,No,137638,3616,6000,5000,5000,3611,0,138,161003,62486,,16643,14550,,,2581,58876,0,2070,18628,1660,7663,0,0,185157
Grand Central Partnership,280,130,0,828,Yes,In-house,Street Sweeping and Bagging; Power Washing; Snow and Ice Removal; Graffiti Removal; Gum Removal,62,125443,1176,166186,278,Yes,In-house,Street patrol; Traffic mitigation,32,89587,320962,Yes,0,585,240,,2261,0,Yes,Paid Advertising; Direct mailings; Door-to-door visits; Fliers; Email bulletins; Website; Social media,324763,55,4060,Yes,12709372,0,0,0,0,298956,351299,418132,13777759,3195461,2467987,1437354,0,593191,1458786,217355,918547,57895,47318,437904,18759,86302,0,1707200,12644059
Grand Street,12,2,0,206,Yes,Contracted,Street Sweeping and Bagging; Snow and Ice Removal,2,3927,235,2700,0,No,,,,,,Yes,,,50,26,,,Yes,Paid Advertising; Direct mailings; Door-to-door visits; Fliers; Email bulletins; Website; Social media,12230,7,1200,Yes,226460,0,4883,11250,43000,0,127,3505,289225,72005,,73755,11150,,,51737,41428,5203,2987,5811,3845,6116,0,0,274037
HUB/3rd Avenue,20,1,1,108,Yes,Contracted,Street Sweeping and Bagging,4,5115,9,53000,40,Yes,Contracted,Monitoring security cameras; Street patrol,3,5250,20,Yes,1,20,12,30,0,0,Yes,Paid Advertising; Fliers; Website; Social media,1005,7,10000,Yes,450927,0,0,0,0,0,158,0,451085,89238,101204,108153,17104,,,2548,60000,0,7000,23500,7000,31092,0,0,446839
Hudson Square Connection,75,5,1,93,No,,,,,,,,No,,,,,,Yes,5,30,250,34,22,0,Yes,Direct mailings; Door-to-door visits; Fliers; Email bulletins; Website; Social media,4000,6,1500,Yes,2500000,0,0,0,228923,10260,11523,44.75,2750751,,,481194,31000,65519,673449,0,95981,88342,16774,109475,58858,,1721157,35502,3377251
Hudson Yards/Hells Kitchen Alliance,100,3,1,163,Yes,Contracted,Street Sweeping and Bagging; Power Washing; Snow and Ice Removal; Graffiti Removal; Gum Removal,7,14970,6545,60500,70,Yes,Contracted,Monitoring security cameras,2,4015,0,Yes,3,72,200,20,40,1,Yes,Direct mailings; Door-to-door visits; Fliers; Email bulletins; Website; Social media,1205,8,1000,Yes,1195538.02,0,1000,0,0,4500,1582,202.65,1202823,274604,70338,62758,16386,167216,,33726,330813,65056,61000,64600,9000,,197939,0,1353435
Jamaica Center,30,3,0,303,Yes,Contracted,Street Sweeping and Bagging; Power Washing; Snow and Ice Removal; Graffiti Removal; Gum Removal,8,17520,12574,109000,100,No,,,,,,Yes,1,0,0,65,75,5,Yes,Paid Advertising; Direct mailings; Door-to-door visits; Fliers; Email bulletins; Website; Social media,8650,15,3000,No,737500,0,0,0,40000,15200,555,0,793255,329832,,48951,40950,5250,,23743,163630,44352,166678,40989,13510,23924,0,0,901809
Jerome-Gun Hill,24,0,1,208,Yes,Contracted,Street Sweeping and Bagging; Snow and Ice Removal; Graffiti Removal; Gum Removal,5,9616,4000,65000,64,Yes,Other,Monitoring security cameras,0,0,0,Yes,3,10,10,0,0,0,Yes,Paid Advertising; Direct mailings; Door-to-door visits; Fliers; Website; Social media,8000,5,10000,No,259000,0,0,25809,0,0,0,0,284809,107815,890,71067,15500,7750,,23702,29000,20202,8888,0,1000,3661,0,,289475
Kings Highway,24,1,1,230,Yes,Contracted,Street Sweeping and Bagging; Power Washing; Graffiti Removal; Gum Removal,2,4160,2500,7000,28,No,,,,,,No,,,,,,,Yes,Email bulletins; Website,1000,0,0,No,290000,0,0,0,0,4000,,0,294000,100345,,13637,34050,,,0,95033,5253,2967,21989,4300,1212,7325,0,286111
Kingsbridge,26,1,0,168,Yes,Contracted,Street Sweeping and Bagging; Power Washing; Snow and Ice Removal; Graffiti Removal,3,6900,169,28000,103,No,,,,,,Yes,3,9,110,45,4,0,Yes,Paid Advertising; Direct mailings; Door-to-door visits; Fliers; Email bulletins; Website,550,2,75,No,329000,0,0,0,0,0,278,0,329278,114499,,38526,32100,18012,,630,82134,0,4399,22321,3962,14544,20000,0,351127
Lincoln Square,84,5,1,234,Yes,Contracted,Street Sweeping and Bagging; Power Washing; Snow and Ice Removal; Graffiti Removal,14,33033.5,424,81091,142,Yes,Contracted,Street patrol,10,18080,17684,Yes,13,74,0,262,685,0,Yes,Paid Advertising; Direct mailings; Door-to-door visits; Fliers; Email bulletins; Website; Social media,312400,12,21535,Yes,2166666,0,391075,0,0,0,799,0,2558540,850517,480160,601573,18800,217079,,88729,122971,47937,14011,140256,5910,64598,0,0,2652541
Long Island City Partnership,29,1,4,41,Yes,Contracted,Street Sweeping and Bagging; Snow and Ice Removal; Graffiti Removal,4,8375,113,28424,46,Yes,In-house,Crime prevention workshops; Street patrol,1,800,,Yes,3,0,44,150,79,,Yes,Direct mailings; Door-to-door visits; Fliers; Email bulletins; Website; Social media,15650,3,16000,Yes,425000,0,20000,0,0,13310,468,7525,466303,161010,22723,78888,,157360,5744,0,19946,11300,4067,1125,,109,0,0,462272
Lower East Side,72,5,1,456,Yes,In-house,Street Sweeping and Bagging; Snow and Ice Removal; Graffiti Removal,2,4160,425,15000,69,No,,,,,,Yes,3,75,0,17,75,101,Yes,Paid Advertising; Direct mailings; Door-to-door visits; Email bulletins; Website; Social media,27500,5,45000,Yes,683414,754709,0,0,110456,32254,,25589,1606422,221057,,323494,11800,63107,,348541,,10956,17950,0,19607,28281,0,0,1044793
Madison Avenue,164,17,0,459,Yes,Contracted,Street Sweeping and Bagging; Power Washing; Snow and Ice Removal; Graffiti Removal; Gum Removal,12,23439.5,2891,132500,109,Yes,Contracted,Crime prevention workshops; Street patrol; Traffic mitigation,14,29120,30008,Yes,0,0,29,39,69,1,Yes,Paid Advertising; Direct mailings; Door-to-door visits; Fliers; Email bulletins; Website; Social media,15017,6,5000,Yes,1757000,0,2401,0,0,140031,933,0,1900365,405250,705347,270526,59095,12875,61097,0,128843,22175,5754,202991,32133,29631,0,0,1935717
Meatpacking,93,3,1,249,Yes,Contracted,Street Sweeping and Bagging; Power Washing; Snow and Ice Removal; Graffiti Removal; Gum Removal,9,7696,1085,23378,102,Yes,Contracted,Street patrol; Traffic mitigation,6,3312,559,Yes,3,60,76,100,771,1,No,Paid Advertising; Direct mailings; Fliers; Email bulletins; Website; Social media,150008,19,5830,No,1385205,0,1198,201000,0,162250,2664,46319,1798636,111424,77607,152220,,44676,139170,29395,164800,26497,12195,48890,27468,,0,,834343
MetroTech,97,13,0,229,Yes,Contracted,Street Sweeping and Bagging; Power Washing; Snow and Ice Removal; Graffiti Removal; Gum Removal,12,24276,111,47723,77,Yes,In-house,Monitoring security cameras; Street patrol,23,47840,,Yes,1,8,300,105,150,2,Yes,Paid Advertising; Door-to-door visits; Fliers; Email bulletins; Website; Social media,35000,15,3000,Yes,2734012,,181480,,10000,9879,498,19004,2954873,443168,1460256,77050,50000,370501,150720,39767,460260,57162,71926,81610,35014,15960,0,0,3313394
Montague Street,6.25,0,1,84,Yes,Contracted,Street Sweeping and Bagging; Power Washing; Snow and Ice Removal; Graffiti Removal; Gum Removal,2,3150,56,8171,18,No,,,,,,Yes,0,60,50,9,20,,Yes,Paid Advertising; Door-to-door visits; Fliers; Email bulletins; Website; Social media,1100,5,2000,No,210000,0,0,0,4785,0,,0,214785,49506,,10413,14587,19180,,0,49632,3244,1048,1600,10776,0,0,,159986
Myrtle Avenue (Brooklyn),26,4,1,172,Yes,Contracted,Street Sweeping and Bagging; Power Washing; Graffiti Removal,6,6240,16,38000,57,No,,,,,,Yes,0,0,200,45,108,15,Yes,Fliers; Email bulletins; Website; Social media,69834,12,1620,Yes,525000,0,30000,0,2500,0,,188.8,557689,129696,11085,127028,13759,19306,68499,77839,46158,,,,,,38680,0,532050
Myrtle Avenue (Queens),32,2,4,320,Yes,Contracted,Street Sweeping and Bagging; Snow and Ice Removal; Graffiti Removal,3,6944,125,78000,62,No,,,,,,Yes,5,13,385,0,200,0,Yes,Paid Advertising; Direct mailings; Door-to-door visits; Fliers; Email bulletins; Website; Social media,148600,61,124725,No,507676,0,0,245,0,0,139,0,508060,132981,,111673,34775,15140,,0,0,127317,23937,4500,0,38666,0,0,488989
NoHo NY,60,3,0,130,Yes,Contracted,Street Sweeping and Bagging; Power Washing; Snow and Ice Removal; Graffiti Removal; Gum Removal,5,11856,150,76000,64,Yes,Contracted,Street patrol,2,3000,125,Yes,0,40,55,43,100,0,No,Direct mailings; Door-to-door visits; Fliers; Email bulletins; Website; Social media,1800,3,100,No,540000,0,48525,0,5000,0,1374,0,594899,223499,12731,30280,,,16842,0,195069,15797,2977,66061,460,16473,0,0,580189
North Flatbush,35,0,0,143,Yes,Contracted,Street Sweeping and Bagging; Snow and Ice Removal; Graffiti Removal,1,2184,464,13800,48,No,,,,,,Yes,,5,,30,1,,Yes,Paid Advertising; Direct mailings; Door-to-door visits; Fliers; Email bulletins; Website; Social media,1200,8,1750,No,150000,0,0,2500,0,4900,,0,157400,45532,,18910,20465,,3418,1890,42000,6790,6316,11550,790,213,0,0,157873
Park Slope 5th Avenue,60,1,0,520,Yes,Contracted,Street Sweeping and Bagging; Snow and Ice Removal; Graffiti Removal,3,5560,875,78000,104,No,,,,,,Yes,0,0,0,50,0,1,Yes,Paid Advertising; Email bulletins; Website; Social media,6610,15,50000,No,300000,0,0,75200,24500,6200,100,0,406000,98000,,101651,30000,,,15700,126268,5125,4400,16500,1300,,0,0,398944
Pitkin Avenue,29,2,1,192,Yes,Contracted,Street Sweeping and Bagging; Graffiti Removal,2,3120,12,48000,52,No,,,,,,Yes,1,18,60,40,1,5,Yes,Paid Advertising; Direct mailings; Door-to-door visits; Fliers; Email bulletins; Website; Social media,3670,11,3000,Yes,225000,0,0,0,50468,0,,0,275468,62411,1250,68573,24950,18428,2830,0,78217,23584,4790,4726,2771,864,0,,293392
SoHo-Broadway,12,2,0,143,Yes,Contracted,Street Sweeping and Bagging; Power Washing; Snow and Ice Removal; Graffiti Removal,6,12609,2311,41443,30,Yes,In-house,Street patrol,0,,,No,,,,,,,No,Email bulletins; Website; Social media,0,3,125,Yes,550000,0,26665,0,10000,0,40,0,586705,250554,68377,0,,,,69741,61335,17466,4464,19230,4633,13984,6363,16847,532993
South Shore,65,1,0,340,Yes,Contracted,Street Sweeping and Bagging; Gum Removal,4,0,5,160,20,Yes,Both,Monitoring security cameras,0,0,0,Yes,5,10,30,58,0,0,Yes,Direct mailings; Door-to-door visits; Fliers; Email bulletins; Website; Social media,5000,0,0,No,92500,0,0,0,0,0,,0,92500,,,0,,,,0,9823,,,0,508,,0,0,10331
Southern Boulevard,12,1,0,150,Yes,Contracted,Street Sweeping and Bagging; Graffiti Removal,2,4676,0,5378,16,Yes,In-house,Monitoring security cameras; Street patrol,2,104,195,Yes,0,0,67,20,0,0,Yes,Paid Advertising; Direct mailings; Door-to-door visits; Fliers; Email bulletins; Website; Social media,206,4,6500,Yes,190000,,5780,0,25000,0,54,,220834,64000,10397,36266,17000,3685,,28825,50750,7587,2447,1935,1215,1982,,,226089
Steinway Street,10,2,1,271,Yes,Contracted,Street Sweeping and Bagging; Snow and Ice Removal; Graffiti Removal,4,7655,3224,77000,24,Yes,Contracted,,0,0,0,Yes,0,28,33,20,88,0,Yes,Paid Advertising; Direct mailings; Fliers; Website; Social media,6200,5,6000,No,400000,0,0,9500,0,0,716,0,410216,131995,35121,55000,25000,46925,,0,,90000,1000,,,8000,0,0,393041
Sunnyside Shines,36,1,3,300,Yes,Contracted,Street Sweeping and Bagging; Snow and Ice Removal; Graffiti Removal,3,6554,83,27618,58,No,,,,,,Yes,2,76,90,0,60,0,Yes,Paid Advertising; Direct mailings; Door-to-door visits; Fliers; Email bulletins; Website; Social media,23500,35,5050,No,360000,0,0,19326,85208,24653,441,683,490311,119042,,83092,32950,9464,40041,0,138133,5929,7958,33342,8760,247,0,0,478958
Sunset Park,52,1,5,550,Yes,Contracted,Street Sweeping and Bagging; Snow and Ice Removal,2,2080,175,36500,106,No,,,,,,Yes,0,0,0,176,0,0,Yes,Paid Advertising; Fliers; Email bulletins; Website; Social media,23650,48,88310,Yes,300000,0,0,47255,15000,0,419,152145,514819,49065,995,96243,37150,3500,,13553,81079,4125,4100,30837,6933,6451,0,0,334031
Sutphin Boulevard,12,1,1,130,Yes,Contracted,Street Sweeping and Bagging; Power Washing; Snow and Ice Removal; Graffiti Removal; Gum Removal,2,3640,720,13511,46,No,,,,,,No,,,,,,,Yes,Paid Advertising; Door-to-door visits; Fliers; Email bulletins; Website; Social media,825,45,1200,Yes,252000,0,12500,0,120000,0,,0,384500,77476,,60148,8502,,95000,21036,88250,0,4500,15000,7500,0,0,0,377412
Times Square Alliance,123,135,0,616,Yes,Both,Street Sweeping and Bagging; Power Washing; Snow and Ice Removal; Graffiti Removal; Gum Removal,70,145600,826,146000,364,Yes,Both,Monitoring security cameras; Crime prevention workshops; Street patrol; Traffic mitigation,45,93600,378300,Yes,13,117,67,215,500,33,No,Paid Advertising; Direct mailings; Door-to-door visits; Fliers; Email bulletins; Website; Social media,18012,37,8549951,Yes,12638972,0,435245,2772428,15160,2521820,31396,0,18415021,4937387,4052544,4680735,,138075,189010,2079615,696189,794499,53175,435400,274899,570243,0,0,18901771
Union Square Partnership,32,7,0,264,Yes,Contracted,Street Sweeping and Bagging; Power Washing; Snow and Ice Removal; Graffiti Removal; Gum Removal,20,44731,189,160000,125,Yes,In-house,Street patrol,2,0,0,Yes,3,84,100,145,400,3,Yes,Paid Advertising; Direct mailings; Door-to-door visits; Fliers; Email bulletins; Website; Social media,67300,182,10650,Yes,2000000,0,40680,0,0,11250,3326,,2055256,823474,175594,253154,40000,161331,33813,0,574109,,30245,40680,12101,,0,0,2144501
Village Alliance,67,3,1,424,Yes,Contracted,Street Sweeping and Bagging; Snow and Ice Removal; Graffiti Removal,12,22199,450,82000,96,Yes,Contracted,Street patrol,5,5744,7248,Yes,3,104,166,66,54,1,Yes,Paid Advertising; Direct mailings; Door-to-door visits; Email bulletins; Website; Social media,25110,10,5300,No,1200000,0,0,82220,6000,9500,1666,9500,1308886,412440,105979,152540,22850,68627,47925,54172,273814,88028,10885,51138,13930,41538,0,0,1343866
Washington Heights,29,2,,220,Yes,Contracted,Street Sweeping and Bagging; Power Washing; Snow and Ice Removal; Graffiti Removal,6,12624,905,58000,45,No,,,,,,Yes,,,111,24,86,,Yes,Direct mailings; Door-to-door visits; Fliers; Email bulletins; Website; Social media,6000,10,3000,Yes,517422,,,14850,52000,0,,30600,614872,233538,,31737,18000,,,0,128027,17403,12628,75170,793,36834,0,0,554130
West Shore,15,1,0,47,Yes,Contracted,Street Sweeping and Bagging,1,364,0,500,10,Yes,Contracted,Street patrol,1,832,20,Yes,0,0,0,30,0,0,No,Direct mailings; Door-to-door visits; Email bulletins; Website; Social media,25,0,0,No,110420,0,0,0,0,0,,0,110420,24000,22880,1532,,,,11000,35000,0,6508,,,9500,0,0,110420
Westchester Square,23,1,0,150,Yes,Contracted,Street Sweeping and Bagging; Snow and Ice Removal; Graffiti Removal,4,7800,12,11000,20,No,,,,,,Yes,1,6,48,49,5,0,Yes,Paid Advertising; Door-to-door visits; Fliers; Email bulletins; Website; Social media,5700,15,11000,No,320000,54978.25,0,0,0,0,,3096,378074,112704,,64617,13250,,,89886,100523,,2193,23146,,125,,0,406444
White Plains Road,5,1,0,88,Yes,In-house,Street Sweeping and Bagging,1,1880,30,22000,19,No,,,,,,Yes,,,48,35,3,,Yes,Paid Advertising; Website,250,2,125,Yes,110000,,,,,,,,110000,32209,,37000,9529,,,0,28080,,3426,1558,463,2350,,0,114615
Woodhaven,50,0,0,369,Yes,Contracted,Street Sweeping and Bagging; Power Washing; Snow and Ice Removal; Graffiti Removal,3,5096,1890,55000,120,Yes,Other,,5,200,9,Yes,1,16,16,88,5,0,Yes,Paid Advertising; Direct mailings; Fliers; Email bulletins; Website; Social media,4150,9,3000,No,218000,0,0,0,0,0,,0,218000,88000,5924,57110,24925,,,1898,69150,,1644,1082,0,2415,0,0,252148
